ciclo_esc,ent,alc,tipo_educ,niv_educ,Numero de escuelas,h_alum,m_alum,tot_alum,h_prof,m_prof,tot_profesores
2017-2018,Ciudad de México,Azcapotzalco,Básica,Primaria,149,18257,17527,35784,148,1335,1483
2017-2018,Ciudad de México,Azcapotzalco,Básica,Secundaria,60,9735,8905,18640,511,929,1440
2017-2018,Ciudad de México,Azcapotzalco,Media Superior,Bachillerato,30,21464,20449,41913,1355,1220,2575
2017-2018,Ciudad de México,Azcapotzalco,Superior,Licenciatura Universitaria Tecnológica ,9,19120,9440,28560,0,0,2241
2017-2018,Ciudad de México,Azcapotzalco,Superior,Normal Licenciatura,1,295,717,1012,0,0,221
2017-2018,Ciudad de México,Azcapotzalco,Superior,Posgrado,10,1424,796,2220,0,0,464
2017-2018,Ciudad de México,Azcapotzalco,Superior,Técnico Superior,2,41,30,71,0,0,39
2018-2019,Ciudad de México,Azcapotzalco,Básica,Primaria,147,17633,17005,34638,164,1292,1456
2018-2019,Ciudad de México,Azcapotzalco,Básica,Secundaria,60,9362,8645,18007,519,889,1408
2018-2019,Ciudad de México,Azcapotzalco,Media Superior,Bachillerato,26,20542,19818,40360,1445,1221,2666
2018-2019,Ciudad de México,Azcapotzalco,Superior,Licenciatura Universitaria Tecnológica ,8,18632,9355,27987,0,0,2303
2018-2019,Ciudad de México,Azcapotzalco,Superior,Normal Licenciatura,1,355,795,1150,0,0,232
2018-2019,Ciudad de México,Azcapotzalco,Superior,Posgrado,9,1437,816,2253,0,0,374
2018-2019,Ciudad de México,Azcapotzalco,Superior,Técnico Superior,2,52,36,88,0,0,72
2019-2020,Ciudad de México,Azcapotzalco,Básica,Primaria,146,17254,16655,33909,186,1271,1457
2019-2020,Ciudad de México,Azcapotzalco,Básica,Secundaria,60,9061,8549,17610,516,866,1382
2019-2020,Ciudad de México,Azcapotzalco,Media Superior,Bachillerato,26,21401,20175,41576,1085,1040,2125
2019-2020,Ciudad de México,Azcapotzalco,Superior,Licenciatura Universitaria Tecnológica ,11,18371,9705,28076,0,0,2252
2019-2020,Ciudad de México,Azcapotzalco,Superior,Normal Licenciatura,1,490,995,1485,0,0,241
2019-2020,Ciudad de México,Azcapotzalco,Superior,Posgrado,11,1552,1024,2576,0,0,432
2019-2020,Ciudad de México,Azcapotzalco,Superior,Técnico Superior,1,46,33,79,0,0,0
2020-2021,Ciudad de México,Azcapotzalco,Básica,Primaria,144,17016,16292,33308,154,1289,1443
2020-2021,Ciudad de México,Azcapotzalco,Básica,Secundaria,59,9111,8550,17661,510,851,1361
2020-2021,Ciudad de México,Azcapotzalco,Media Superior,Bachillerato,23,21255,19987,41242,1234,1091,2325
2020-2021,Ciudad de México,Azcapotzalco,Superior,Licenciatura Universitaria Tecnológica ,12,20869,14275,35144,0,0,2768
2020-2021,Ciudad de México,Azcapotzalco,Superior,Normal Licenciatura,1,648,1152,1800,0,0,232
2020-2021,Ciudad de México,Azcapotzalco,Superior,Posgrado,12,2051,1528,3579,0,0,487
2020-2021,Ciudad de México,Azcapotzalco,Superior,Técnico Superior,1,0,0,0,0,0,0
2021-2022,Ciudad de México,Azcapotzalco,Básica,Primaria,140,16741,15872,32613,150,1270,1420
2021-2022,Ciudad de México,Azcapotzalco,Básica,Secundaria,58,8988,8321,17309,480,866,1346
2021-2022,Ciudad de México,Azcapotzalco,Media Superior,Bachillerato,27,20424,20694,41118,1585,1490,3075
2021-2022,Ciudad de México,Azcapotzalco,Superior,Licenciatura Universitaria Tecnológica ,11,20910,14106,35016,0,0,2594
2021-2022,Ciudad de México,Azcapotzalco,Superior,Normal Licenciatura,1,759,1312,2071,0,0,221
2021-2022,Ciudad de México,Azcapotzalco,Superior,Posgrado,11,1166,868,2034,0,0,440
2021-2022,Ciudad de México,Azcapotzalco,Superior,Técnico Superior,1,0,0,0,0,0,2
2017-2018,Ciudad de México,Benito Juárez,Básica,Primaria,149,16242,15744,31986,140,1129,1269
2017-2018,Ciudad de México,Benito Juárez,Básica,Secundaria,80,9291,9805,19096,659,905,1564
2017-2018,Ciudad de México,Benito Juárez,Media Superior,Bachillerato,52,9068,9914,18982,1069,1208,2277
2017-2018,Ciudad de México,Benito Juárez,Superior,Licenciatura Universitaria Tecnológica ,33,6735,8070,14805,0,0,2772
2017-2018,Ciudad de México,Benito Juárez,Superior,Normal Licenciatura,4,7,71,78,0,0,53
2017-2018,Ciudad de México,Benito Juárez,Superior,Posgrado,36,2384,2672,5056,0,0,1145
2018-2019,Ciudad de México,Benito Juárez,Básica,Primaria,149,15727,15214,30941,124,1140,1264
2018-2019,Ciudad de México,Benito Juárez,Básica,Secundaria,80,9011,9461,18472,699,927,1626
2018-2019,Ciudad de México,Benito Juárez,Media Superior,Bachillerato,50,6039,7062,13101,833,900,1733
2018-2019,Ciudad de México,Benito Juárez,Media Superior,Profesional Técnico,1,0,0,0,0,0,0
2018-2019,Ciudad de México,Benito Juárez,Superior,Licenciatura Universitaria Tecnológica ,32,6977,8652,15629,0,0,2642
2018-2019,Ciudad de México,Benito Juárez,Superior,Normal Licenciatura,4,6,48,54,0,0,39
2018-2019,Ciudad de México,Benito Juárez,Superior,Posgrado,36,2714,3189,5903,0,0,970
2018-2019,Ciudad de México,Benito Juárez,Superior,Técnico Superior,1,3,1,4,0,0,9
2019-2020,Ciudad de México,Benito Juárez,Básica,Primaria,145,15129,14943,30072,134,1143,1277
2019-2020,Ciudad de México,Benito Juárez,Básica,Secundaria,77,8772,9010,17782,637,913,1550
2019-2020,Ciudad de México,Benito Juárez,Media Superior,Bachillerato,46,5385,6130,11515,665,717,1382
2019-2020,Ciudad de México,Benito Juárez,Superior,Licenciatura Universitaria Tecnológica ,36,7263,8617,15880,0,0,2635
2019-2020,Ciudad de México,Benito Juárez,Superior,Normal Licenciatura,4,5,56,61,0,0,39
2019-2020,Ciudad de México,Benito Juárez,Superior,Posgrado,39,2578,3088,5666,0,0,789
2019-2020,Ciudad de México,Benito Juárez,Superior,Técnico Superior,1,3,0,3,0,0,0
2020-2021,Ciudad de México,Benito Juárez,Básica,Primaria,140,14352,13849,28201,117,1110,1227
2020-2021,Ciudad de México,Benito Juárez,Básica,Secundaria,75,8469,9065,17534,616,911,1527
2020-2021,Ciudad de México,Benito Juárez,Media Superior,Bachillerato,44,5243,6070,11313,607,688,1295
2020-2021,Ciudad de México,Benito Juárez,Superior,Licenciatura Universitaria Tecnológica ,36,6746,8117,14863,0,0,2746
2020-2021,Ciudad de México,Benito Juárez,Superior,Normal Licenciatura,3,2,102,104,0,0,38
2020-2021,Ciudad de México,Benito Juárez,Superior,Posgrado,35,2176,2508,4684,0,0,558
2021-2022,Ciudad de México,Benito Juárez,Básica,Primaria,136,13857,13626,27483,132,1107,1239
2021-2022,Ciudad de México,Benito Juárez,Básica,Secundaria,76,8456,8825,17281,629,920,1549
2021-2022,Ciudad de México,Benito Juárez,Media Superior,Bachillerato,46,5014,6077,11091,672,819,1491
2021-2022,Ciudad de México,Benito Juárez,Superior,Licenciatura Universitaria Tecnológica ,38,6869,8337,15206,0,0,2940
2021-2022,Ciudad de México,Benito Juárez,Superior,Normal Licenciatura,3,3,148,151,0,0,46
2021-2022,Ciudad de México,Benito Juárez,Superior,Posgrado,38,2313,2646,4959,0,0,814
2017-2018,Ciudad de México,Coyoacán,Básica,Primaria,204,25468,24669,50137,251,1632,1883
2017-2018,Ciudad de México,Coyoacán,Básica,Secundaria,96,14771,14477,29248,895,1157,2052
2017-2018,Ciudad de México,Coyoacán,Media Superior,Bachillerato,51,19622,20501,40123,1571,1871,3442
2017-2018,Ciudad de México,Coyoacán,Media Superior,Profesional Técnico,1,40,5,45,16,3,19
2017-2018,Ciudad de México,Coyoacán,Superior,Licenciatura Universitaria Tecnológica ,41,64023,63338,127361,0,0,20343
2017-2018,Ciudad de México,Coyoacán,Superior,Normal Licenciatura,1,0,72,72,0,0,14
2017-2018,Ciudad de México,Coyoacán,Superior,Posgrado,40,15970,15524,31494,0,0,3296
2017-2018,Ciudad de México,Coyoacán,Superior,Técnico Superior,2,34,70,104,0,0,17
2018-2019,Ciudad de México,Coyoacán,Básica,Primaria,202,24656,24198,48854,274,1597,1871
2018-2019,Ciudad de México,Coyoacán,Básica,Secundaria,94,14435,14178,28613,853,1140,1993
2018-2019,Ciudad de México,Coyoacán,Media Superior,Bachillerato,48,19860,20380,40240,1724,1886,3610
2018-2019,Ciudad de México,Coyoacán,Superior,Licenciatura Universitaria Tecnológica ,41,64619,64823,129442,0,0,23256
2018-2019,Ciudad de México,Coyoacán,Superior,Normal Licenciatura,1,0,56,56,0,0,13
2018-2019,Ciudad de México,Coyoacán,Superior,Posgrado,41,15947,15752,31699,0,0,3535
2018-2019,Ciudad de México,Coyoacán,Superior,Técnico Superior,2,39,66,105,0,0,50
2019-2020,Ciudad de México,Coyoacán,Básica,Primaria,200,23978,23729,47707,268,1655,1923
2019-2020,Ciudad de México,Coyoacán,Básica,Secundaria,93,13483,13053,26536,822,1122,1944
2019-2020,Ciudad de México,Coyoacán,Media Superior,Bachillerato,44,15641,16025,31666,1132,1304,2436
2019-2020,Ciudad de México,Coyoacán,Media Superior,Profesional Técnico,1,38,9,47,14,2,16
2019-2020,Ciudad de México,Coyoacán,Superior,Licenciatura Universitaria Tecnológica ,44,64959,66796,131755,0,0,24723
2019-2020,Ciudad de México,Coyoacán,Superior,Normal Licenciatura,1,0,56,56,0,0,9
2019-2020,Ciudad de México,Coyoacán,Superior,Posgrado,41,15728,15631,31359,0,0,3455
2019-2020,Ciudad de México,Coyoacán,Superior,Técnico Superior,2,32,71,103,0,0,0
2020-2021,Ciudad de México,Coyoacán,Básica,Primaria,197,23474,23111,46585,231,1633,1864
2020-2021,Ciudad de México,Coyoacán,Básica,Secundaria,92,13304,12927,26231,823,1102,1925
2020-2021,Ciudad de México,Coyoacán,Media Superior,Bachillerato,34,15053,15521,30574,1128,1242,2370
2020-2021,Ciudad de México,Coyoacán,Superior,Licenciatura Universitaria Tecnológica ,43,64444,67375,131819,0,0,28229
2020-2021,Ciudad de México,Coyoacán,Superior,Normal Licenciatura,1,0,27,27,0,0,11
2020-2021,Ciudad de México,Coyoacán,Superior,Posgrado,41,15332,15210,30542,0,0,4957
2020-2021,Ciudad de México,Coyoacán,Superior,Técnico Superior,2,28,53,81,0,0,0
2021-2022,Ciudad de México,Coyoacán,Básica,Primaria,193,22987,22391,45378,242,1609,1851
2021-2022,Ciudad de México,Coyoacán,Básica,Secundaria,88,12990,12745,25735,803,1095,1898
2021-2022,Ciudad de México,Coyoacán,Media Superior,Bachillerato,41,15297,16436,31733,1208,1281,2489
2021-2022,Ciudad de México,Coyoacán,Superior,Licenciatura Universitaria Tecnológica ,42,63463,66605,130068,0,0,22090
2021-2022,Ciudad de México,Coyoacán,Superior,Normal Licenciatura,1,0,0,0,0,0,1
2021-2022,Ciudad de México,Coyoacán,Superior,Posgrado,69,15733,15847,31580,0,0,7481
2021-2022,Ciudad de México,Coyoacán,Superior,Técnico Superior,2,30,54,84,0,0,49
2017-2018,Ciudad de México,Cuajimalpa de Morelos,Básica,Primaria,91,13040,13004,26044,146,767,913
2017-2018,Ciudad de México,Cuajimalpa de Morelos,Básica,Secundaria,55,7258,7323,14581,493,579,1072
2017-2018,Ciudad de México,Cuajimalpa de Morelos,Media Superior,Bachillerato,29,4941,4958,9899,433,547,980
2017-2018,Ciudad de México,Cuajimalpa de Morelos,Superior,Licenciatura Universitaria Tecnológica ,6,1901,1744,3645,0,0,391
2017-2018,Ciudad de México,Cuajimalpa de Morelos,Superior,Posgrado,7,292,280,572,0,0,185
2018-2019,Ciudad de México,Cuajimalpa de Morelos,Básica,Primaria,89,13080,12938,26018,154,808,962
2018-2019,Ciudad de México,Cuajimalpa de Morelos,Básica,Secundaria,53,7326,7100,14426,498,605,1103
2018-2019,Ciudad de México,Cuajimalpa de Morelos,Media Superior,Bachillerato,31,5099,5278,10377,430,536,966
2018-2019,Ciudad de México,Cuajimalpa de Morelos,Superior,Licenciatura Universitaria Tecnológica ,7,2083,1993,4076,0,0,551
2018-2019,Ciudad de México,Cuajimalpa de Morelos,Superior,Posgrado,6,270,276,546,0,0,217
2019-2020,Ciudad de México,Cuajimalpa de Morelos,Básica,Primaria,88,12694,12466,25160,191,788,979
2019-2020,Ciudad de México,Cuajimalpa de Morelos,Básica,Secundaria,52,7060,7018,14078,428,543,971
2019-2020,Ciudad de México,Cuajimalpa de Morelos,Media Superior,Bachillerato,29,5015,5478,10493,441,535,976
2019-2020,Ciudad de México,Cuajimalpa de Morelos,Superior,Licenciatura Universitaria Tecnológica ,6,1982,1929,3911,0,0,651
2019-2020,Ciudad de México,Cuajimalpa de Morelos,Superior,Posgrado,7,294,254,548,0,0,249
2020-2021,Ciudad de México,Cuajimalpa de Morelos,Básica,Primaria,90,13011,12587,25598,162,817,979
2020-2021,Ciudad de México,Cuajimalpa de Morelos,Básica,Secundaria,52,7105,7203,14308,464,590,1054
2020-2021,Ciudad de México,Cuajimalpa de Morelos,Media Superior,Bachillerato,28,5051,5611,10662,424,525,949
2020-2021,Ciudad de México,Cuajimalpa de Morelos,Superior,Licenciatura Universitaria Tecnológica ,5,1994,1979,3973,0,0,701
2020-2021,Ciudad de México,Cuajimalpa de Morelos,Superior,Posgrado,7,265,246,511,0,0,250
2021-2022,Ciudad de México,Cuajimalpa de Morelos,Básica,Primaria,89,12834,12324,25158,159,848,1007
2021-2022,Ciudad de México,Cuajimalpa de Morelos,Básica,Secundaria,52,6963,7125,14088,474,555,1029
2021-2022,Ciudad de México,Cuajimalpa de Morelos,Media Superior,Bachillerato,29,4810,5593,10403,446,578,1024
2021-2022,Ciudad de México,Cuajimalpa de Morelos,Superior,Licenciatura Universitaria Tecnológica ,5,2118,2115,4233,0,0,665
2021-2022,Ciudad de México,Cuajimalpa de Morelos,Superior,Posgrado,7,277,266,543,0,0,267
2017-2018,Ciudad de México,Cuauhtémoc,Básica,Primaria,199,22107,21361,43468,273,1514,1787
2017-2018,Ciudad de México,Cuauhtémoc,Básica,Secundaria,86,11946,11783,23729,811,1169,1980
2017-2018,Ciudad de México,Cuauhtémoc,Media Superior,Bachillerato,65,12721,15564,28285,1491,1428,2919
2017-2018,Ciudad de México,Cuauhtémoc,Media Superior,Profesional Técnico,3,129,152,281,38,27,65
2017-2018,Ciudad de México,Cuauhtémoc,Superior,Licenciatura Universitaria Tecnológica ,74,28174,32599,60773,0,0,4838
2017-2018,Ciudad de México,Cuauhtémoc,Superior,Normal Licenciatura,7,11,248,259,0,0,125
2017-2018,Ciudad de México,Cuauhtémoc,Superior,Posgrado,59,5282,6516,11798,0,0,2534
2017-2018,Ciudad de México,Cuauhtémoc,Superior,Técnico Superior,6,169,193,362,0,0,84
2018-2019,Ciudad de México,Cuauhtémoc,Básica,Primaria,193,20795,20292,41087,279,1457,1736
2018-2019,Ciudad de México,Cuauhtémoc,Básica,Secundaria,86,11589,11235,22824,803,1174,1977
2018-2019,Ciudad de México,Cuauhtémoc,Media Superior,Bachillerato,72,13156,16313,29469,1464,1356,2820
2018-2019,Ciudad de México,Cuauhtémoc,Media Superior,Profesional Técnico,3,169,207,376,29,30,59
2018-2019,Ciudad de México,Cuauhtémoc,Superior,Licenciatura Universitaria Tecnológica ,80,21890,25111,47001,0,0,4837
2018-2019,Ciudad de México,Cuauhtémoc,Superior,Normal Licenciatura,6,10,189,199,0,0,116
2018-2019,Ciudad de México,Cuauhtémoc,Superior,Posgrado,63,4294,5413,9707,0,0,2957
2018-2019,Ciudad de México,Cuauhtémoc,Superior,Técnico Superior,7,137,169,306,0,0,89
2019-2020,Ciudad de México,Cuauhtémoc,Básica,Primaria,195,20456,20153,40609,256,1521,1777
2019-2020,Ciudad de México,Cuauhtémoc,Básica,Secundaria,85,11368,11020,22388,763,1138,1901
2019-2020,Ciudad de México,Cuauhtémoc,Media Superior,Bachillerato,69,12572,15867,28439,1301,1260,2561
2019-2020,Ciudad de México,Cuauhtémoc,Media Superior,Profesional Técnico,3,156,221,377,41,35,76
2019-2020,Ciudad de México,Cuauhtémoc,Superior,Licenciatura Universitaria Tecnológica ,83,22908,26226,49134,0,0,5168
2019-2020,Ciudad de México,Cuauhtémoc,Superior,Normal Licenciatura,6,15,204,219,0,0,103
2019-2020,Ciudad de México,Cuauhtémoc,Superior,Posgrado,60,5102,5640,10742,0,0,2948
2019-2020,Ciudad de México,Cuauhtémoc,Superior,Técnico Superior,5,132,116,248,0,0,0
2020-2021,Ciudad de México,Cuauhtémoc,Básica,Primaria,191,19683,19299,38982,270,1450,1720
2020-2021,Ciudad de México,Cuauhtémoc,Básica,Secundaria,83,11127,11169,22296,749,1143,1892
2020-2021,Ciudad de México,Cuauhtémoc,Media Superior,Bachillerato,61,11843,14480,26323,1825,1759,3584
2020-2021,Ciudad de México,Cuauhtémoc,Media Superior,Profesional Técnico,3,151,227,378,30,34,64
2020-2021,Ciudad de México,Cuauhtémoc,Superior,Licenciatura Universitaria Tecnológica ,82,21940,25859,47799,0,0,4530
2020-2021,Ciudad de México,Cuauhtémoc,Superior,Normal Licenciatura,6,23,204,227,0,0,111
2020-2021,Ciudad de México,Cuauhtémoc,Superior,Posgrado,55,3736,4255,7991,0,0,2683
2020-2021,Ciudad de México,Cuauhtémoc,Superior,Técnico Superior,5,124,113,237,0,0,0
2021-2022,Ciudad de México,Cuauhtémoc,Básica,Primaria,189,19400,18827,38227,251,1479,1730
2021-2022,Ciudad de México,Cuauhtémoc,Básica,Secundaria,84,10607,11015,21622,766,1134,1900
2021-2022,Ciudad de México,Cuauhtémoc,Media Superior,Bachillerato,64,11496,14091,25587,1099,1085,2184
2021-2022,Ciudad de México,Cuauhtémoc,Media Superior,Profesional Técnico,3,136,229,365,25,24,49
2021-2022,Ciudad de México,Cuauhtémoc,Superior,Licenciatura Universitaria Tecnológica ,82,19344,22669,42013,0,0,4177
2021-2022,Ciudad de México,Cuauhtémoc,Superior,Normal Licenciatura,6,26,183,209,0,0,96
2021-2022,Ciudad de México,Cuauhtémoc,Superior,Posgrado,59,3523,3957,7480,0,0,2409
2021-2022,Ciudad de México,Cuauhtémoc,Superior,Técnico Superior,3,98,114,212,0,0,67
2017-2018,Ciudad de México,Gustavo A. Madero,Básica,Primaria,463,59894,58791,118685,721,4027,4748
2017-2018,Ciudad de México,Gustavo A. Madero,Básica,Secundaria,205,36210,34935,71145,2103,2777,4880
2017-2018,Ciudad de México,Gustavo A. Madero,Media Superior,Bachillerato,85,42980,40245,83225,3448,2885,6333
2017-2018,Ciudad de México,Gustavo A. Madero,Superior,Licenciatura Universitaria Tecnológica ,39,37540,22769,60309,0,0,4700
2017-2018,Ciudad de México,Gustavo A. Madero,Superior,Normal Licenciatura,1,0,25,25,0,0,17
2017-2018,Ciudad de México,Gustavo A. Madero,Superior,Posgrado,40,2506,1494,4000,0,0,1312
2017-2018,Ciudad de México,Gustavo A. Madero,Superior,Técnico Superior,2,98,194,292,0,0,42
2018-2019,Ciudad de México,Gustavo A. Madero,Básica,Primaria,449,57860,56576,114436,675,4001,4676
2018-2019,Ciudad de México,Gustavo A. Madero,Básica,Secundaria,199,35338,34169,69507,1979,2769,4748
2018-2019,Ciudad de México,Gustavo A. Madero,Media Superior,Bachillerato,86,41539,40161,81700,3294,2828,6122
2018-2019,Ciudad de México,Gustavo A. Madero,Superior,Licenciatura Universitaria Tecnológica ,41,36749,22033,58782,0,0,5010
2018-2019,Ciudad de México,Gustavo A. Madero,Superior,Normal Licenciatura,1,0,17,17,0,0,10
2018-2019,Ciudad de México,Gustavo A. Madero,Superior,Posgrado,41,2618,1598,4216,0,0,1269
2018-2019,Ciudad de México,Gustavo A. Madero,Superior,Técnico Superior,2,68,156,224,0,0,45
2019-2020,Ciudad de México,Gustavo A. Madero,Básica,Primaria,443,57021,55810,112831,697,4050,4747
2019-2020,Ciudad de México,Gustavo A. Madero,Básica,Secundaria,198,34579,33776,68355,1960,2765,4725
2019-2020,Ciudad de México,Gustavo A. Madero,Media Superior,Bachillerato,85,41474,39860,81334,3102,2857,5959
2019-2020,Ciudad de México,Gustavo A. Madero,Superior,Licenciatura Universitaria Tecnológica ,42,39140,25219,64359,0,0,5468
2019-2020,Ciudad de México,Gustavo A. Madero,Superior,Normal Licenciatura,1,0,0,0,0,0,1
2019-2020,Ciudad de México,Gustavo A. Madero,Superior,Posgrado,44,2664,1725,4389,0,0,1249
2019-2020,Ciudad de México,Gustavo A. Madero,Superior,Técnico Superior,1,21,19,40,0,0,0
2020-2021,Ciudad de México,Gustavo A. Madero,Básica,Primaria,443,56172,55158,111330,661,3989,4650
2020-2021,Ciudad de México,Gustavo A. Madero,Básica,Secundaria,197,34331,34205,68536,1927,2770,4697
2020-2021,Ciudad de México,Gustavo A. Madero,Media Superior,Bachillerato,79,41554,39257,80811,2914,2765,5679
2020-2021,Ciudad de México,Gustavo A. Madero,Superior,Licenciatura Universitaria Tecnológica ,42,41090,27269,68359,0,0,5035
2020-2021,Ciudad de México,Gustavo A. Madero,Superior,Posgrado,45,2585,2032,4617,0,0,1287
2020-2021,Ciudad de México,Gustavo A. Madero,Superior,Técnico Superior,1,12,4,16,0,0,0
2021-2022,Ciudad de México,Gustavo A. Madero,Básica,Primaria,440,55459,54656,110115,653,3950,4603
2021-2022,Ciudad de México,Gustavo A. Madero,Básica,Secundaria,196,34315,33980,68295,1876,2688,4564
2021-2022,Ciudad de México,Gustavo A. Madero,Media Superior,Bachillerato,83,41217,40322,81539,2941,2730,5671
2021-2022,Ciudad de México,Gustavo A. Madero,Superior,Licenciatura Universitaria Tecnológica ,40,40292,26682,66974,0,0,4400
2021-2022,Ciudad de México,Gustavo A. Madero,Superior,Posgrado,44,2434,1748,4182,0,0,1345
2021-2022,Ciudad de México,Gustavo A. Madero,Superior,Técnico Superior,1,9,3,12,0,0,10
2017-2018,Ciudad de México,Iztacalco,Básica,Primaria,145,17929,17270,35199,233,1165,1398
2017-2018,Ciudad de México,Iztacalco,Básica,Secundaria,68,12094,11505,23599,1008,1385,2393
2017-2018,Ciudad de México,Iztacalco,Media Superior,Bachillerato,26,11366,12797,24163,1307,1468,2775
2017-2018,Ciudad de México,Iztacalco,Superior,Licenciatura Universitaria Tecnológica ,6,8455,5244,13699,0,0,968
2017-2018,Ciudad de México,Iztacalco,Superior,Normal Licenciatura,1,499,540,1039,0,0,79
2017-2018,Ciudad de México,Iztacalco,Superior,Posgrado,5,305,177,482,0,0,95
2018-2019,Ciudad de México,Iztacalco,Básica,Primaria,142,17250,16889,34139,222,1167,1389
2018-2019,Ciudad de México,Iztacalco,Básica,Secundaria,68,11803,11114,22917,925,1250,2175
2018-2019,Ciudad de México,Iztacalco,Media Superior,Bachillerato,23,11313,13015,24328,1184,1326,2510
2018-2019,Ciudad de México,Iztacalco,Superior,Licenciatura Universitaria Tecnológica ,9,8584,5498,14082,0,0,1110
2018-2019,Ciudad de México,Iztacalco,Superior,Normal Licenciatura,1,502,536,1038,0,0,80
2018-2019,Ciudad de México,Iztacalco,Superior,Posgrado,6,389,289,678,0,0,844
2019-2020,Ciudad de México,Iztacalco,Básica,Primaria,140,17115,16689,33804,213,1170,1383
2019-2020,Ciudad de México,Iztacalco,Básica,Secundaria,65,11314,10869,22183,942,1249,2191
2019-2020,Ciudad de México,Iztacalco,Media Superior,Bachillerato,23,10621,12180,22801,940,983,1923
2019-2020,Ciudad de México,Iztacalco,Superior,Licenciatura Universitaria Tecnológica ,10,8416,5713,14129,0,0,1085
2019-2020,Ciudad de México,Iztacalco,Superior,Normal Licenciatura,1,506,532,1038,0,0,101
2019-2020,Ciudad de México,Iztacalco,Superior,Posgrado,7,431,342,773,0,0,165
2020-2021,Ciudad de México,Iztacalco,Básica,Primaria,138,16581,16241,32822,209,1149,1358
2020-2021,Ciudad de México,Iztacalco,Básica,Secundaria,65,11239,10857,22096,926,1250,2176
2020-2021,Ciudad de México,Iztacalco,Media Superior,Bachillerato,22,10712,11909,22621,935,946,1881
2020-2021,Ciudad de México,Iztacalco,Superior,Licenciatura Universitaria Tecnológica ,10,8986,6137,15123,0,0,1051
2020-2021,Ciudad de México,Iztacalco,Superior,Normal Licenciatura,1,511,551,1062,0,0,103
2020-2021,Ciudad de México,Iztacalco,Superior,Posgrado,7,437,322,759,0,0,200
2021-2022,Ciudad de México,Iztacalco,Básica,Primaria,137,16209,15742,31951,199,1141,1340
2021-2022,Ciudad de México,Iztacalco,Básica,Secundaria,64,11061,10503,21564,794,1083,1877
2021-2022,Ciudad de México,Iztacalco,Media Superior,Bachillerato,23,10547,12075,22622,936,945,1881
2021-2022,Ciudad de México,Iztacalco,Superior,Licenciatura Universitaria Tecnológica ,10,8759,6193,14952,0,0,863
2021-2022,Ciudad de México,Iztacalco,Superior,Normal Licenciatura,1,509,550,1059,0,0,115
2021-2022,Ciudad de México,Iztacalco,Superior,Posgrado,7,435,283,718,0,0,260
2017-2018,Ciudad de México,Iztapalapa,Básica,Primaria,590,90311,87057,177368,1261,5465,6726
2017-2018,Ciudad de México,Iztapalapa,Básica,Secundaria,217,44325,43508,87833,2644,3208,5852
2017-2018,Ciudad de México,Iztapalapa,Media Superior,Bachillerato,69,34763,33362,68125,2621,2113,4734
2017-2018,Ciudad de México,Iztapalapa,Superior,Licenciatura Universitaria Tecnológica ,21,27169,28768,55937,0,0,4689
2017-2018,Ciudad de México,Iztapalapa,Superior,Normal Licenciatura,1,4,34,38,0,0,21
2017-2018,Ciudad de México,Iztapalapa,Superior,Posgrado,12,1477,1477,2954,0,0,471
2018-2019,Ciudad de México,Iztapalapa,Básica,Primaria,570,88372,85248,173620,1223,5375,6598
2018-2019,Ciudad de México,Iztapalapa,Básica,Secundaria,214,44000,42517,86517,2627,3103,5730
2018-2019,Ciudad de México,Iztapalapa,Media Superior,Bachillerato,66,34597,33144,67741,5223,3396,8619
2018-2019,Ciudad de México,Iztapalapa,Superior,Licenciatura Universitaria Tecnológica ,26,30406,32931,63337,0,0,5446
2018-2019,Ciudad de México,Iztapalapa,Superior,Normal Licenciatura,2,5,43,48,0,0,26
2018-2019,Ciudad de México,Iztapalapa,Superior,Posgrado,18,3003,2945,5948,0,0,837
2019-2020,Ciudad de México,Iztapalapa,Básica,Primaria,567,87249,84409,171658,1191,5367,6558
2019-2020,Ciudad de México,Iztapalapa,Básica,Secundaria,214,43297,42076,85373,2521,3112,5633
2019-2020,Ciudad de México,Iztapalapa,Media Superior,Bachillerato,67,34059,32582,66641,2377,2040,4417
2019-2020,Ciudad de México,Iztapalapa,Superior,Licenciatura Universitaria Tecnológica ,27,29395,32663,62058,0,0,5395
2019-2020,Ciudad de México,Iztapalapa,Superior,Normal Licenciatura,2,12,66,78,0,0,29
2019-2020,Ciudad de México,Iztapalapa,Superior,Posgrado,18,2921,2919,5840,0,0,590
2020-2021,Ciudad de México,Iztapalapa,Básica,Primaria,561,85519,82907,168426,1110,5383,6493
2020-2021,Ciudad de México,Iztapalapa,Básica,Secundaria,213,43854,42552,86406,2489,3075,5564
2020-2021,Ciudad de México,Iztapalapa,Media Superior,Bachillerato,59,33387,31414,64801,2080,1852,3932
2020-2021,Ciudad de México,Iztapalapa,Superior,Licenciatura Universitaria Tecnológica ,26,24660,28171,52831,0,0,4994
2020-2021,Ciudad de México,Iztapalapa,Superior,Normal Licenciatura,2,0,14,14,0,0,13
2020-2021,Ciudad de México,Iztapalapa,Superior,Posgrado,16,1515,1575,3090,0,0,766
2021-2022,Ciudad de México,Iztapalapa,Básica,Primaria,560,84347,81687,166034,1091,5336,6427
2021-2022,Ciudad de México,Iztapalapa,Básica,Secundaria,210,43089,42205,85294,2411,2999,5410
2021-2022,Ciudad de México,Iztapalapa,Media Superior,Bachillerato,64,32763,32246,65009,2338,2015,4353
2021-2022,Ciudad de México,Iztapalapa,Superior,Licenciatura Universitaria Tecnológica ,24,24246,28764,53010,0,0,4480
2021-2022,Ciudad de México,Iztapalapa,Superior,Normal Licenciatura,1,0,27,27,0,0,12
2021-2022,Ciudad de México,Iztapalapa,Superior,Posgrado,16,1373,1344,2717,0,0,659
2017-2018,Ciudad de México,La Magdalena Contreras,Básica,Primaria,74,10642,10919,21561,147,632,779
2017-2018,Ciudad de México,La Magdalena Contreras,Básica,Secundaria,32,5983,5909,11892,317,387,704
2017-2018,Ciudad de México,La Magdalena Contreras,Media Superior,Bachillerato,11,3448,4019,7467,283,301,584
2017-2018,Ciudad de México,La Magdalena Contreras,Superior,Licenciatura Universitaria Tecnológica ,3,178,329,507,0,0,146
2017-2018,Ciudad de México,La Magdalena Contreras,Superior,Posgrado,4,580,335,915,0,0,163
2018-2019,Ciudad de México,La Magdalena Contreras,Básica,Primaria,73,10515,10638,21153,151,624,775
2018-2019,Ciudad de México,La Magdalena Contreras,Básica,Secundaria,32,5896,5830,11726,321,381,702
2018-2019,Ciudad de México,La Magdalena Contreras,Media Superior,Bachillerato,12,3680,4192,7872,284,244,528
2018-2019,Ciudad de México,La Magdalena Contreras,Superior,Licenciatura Universitaria Tecnológica ,3,194,339,533,0,0,147
2018-2019,Ciudad de México,La Magdalena Contreras,Superior,Posgrado,4,533,347,880,0,0,133
2019-2020,Ciudad de México,La Magdalena Contreras,Básica,Primaria,72,10019,10143,20162,147,635,782
2019-2020,Ciudad de México,La Magdalena Contreras,Básica,Secundaria,31,5672,5639,11311,317,361,678
2019-2020,Ciudad de México,La Magdalena Contreras,Media Superior,Bachillerato,12,3905,4435,8340,277,288,565
2019-2020,Ciudad de México,La Magdalena Contreras,Superior,Licenciatura Universitaria Tecnológica ,5,230,299,529,0,0,195
2019-2020,Ciudad de México,La Magdalena Contreras,Superior,Posgrado,4,464,327,791,0,0,170
2020-2021,Ciudad de México,La Magdalena Contreras,Básica,Primaria,69,10109,10063,20172,161,614,775
2020-2021,Ciudad de México,La Magdalena Contreras,Básica,Secundaria,32,5706,5893,11599,321,369,690
2020-2021,Ciudad de México,La Magdalena Contreras,Media Superior,Bachillerato,11,4004,4344,8348,275,262,537
2020-2021,Ciudad de México,La Magdalena Contreras,Superior,Licenciatura Universitaria Tecnológica ,4,146,307,453,0,0,127
2020-2021,Ciudad de México,La Magdalena Contreras,Superior,Posgrado,4,393,363,756,0,0,114
2021-2022,Ciudad de México,La Magdalena Contreras,Básica,Primaria,69,9853,9780,19633,141,634,775
2021-2022,Ciudad de México,La Magdalena Contreras,Básica,Secundaria,32,5523,5688,11211,312,364,676
2021-2022,Ciudad de México,La Magdalena Contreras,Media Superior,Bachillerato,13,4138,4554,8692,375,373,748
2021-2022,Ciudad de México,La Magdalena Contreras,Superior,Licenciatura Universitaria Tecnológica ,3,203,304,507,0,0,144
2021-2022,Ciudad de México,La Magdalena Contreras,Superior,Posgrado,3,347,263,610,0,0,135
2017-2018,Ciudad de México,Miguel Hidalgo,Básica,Primaria,144,16319,16044,32363,181,1149,1330
2017-2018,Ciudad de México,Miguel Hidalgo,Básica,Secundaria,72,9693,9354,19047,630,917,1547
2017-2018,Ciudad de México,Miguel Hidalgo,Media Superior,Bachillerato,45,16905,11988,28893,1349,1230,2579
2017-2018,Ciudad de México,Miguel Hidalgo,Media Superior,Profesional Técnico,5,474,510,984,95,61,156
2017-2018,Ciudad de México,Miguel Hidalgo,Superior,Licenciatura Universitaria Tecnológica ,31,17723,24050,41773,0,0,4719
2017-2018,Ciudad de México,Miguel Hidalgo,Superior,Normal Licenciatura,3,286,1596,1882,0,0,264
2017-2018,Ciudad de México,Miguel Hidalgo,Superior,Posgrado,30,2538,2687,5225,0,0,1115
2017-2018,Ciudad de México,Miguel Hidalgo,Superior,Técnico Superior,3,65,76,141,0,0,26
2018-2019,Ciudad de México,Miguel Hidalgo,Básica,Primaria,142,16160,15716,31876,152,1176,1328
2018-2019,Ciudad de México,Miguel Hidalgo,Básica,Secundaria,72,9600,9311,18911,643,909,1552
2018-2019,Ciudad de México,Miguel Hidalgo,Media Superior,Bachillerato,42,16551,11847,28398,1310,1117,2427
2018-2019,Ciudad de México,Miguel Hidalgo,Media Superior,Profesional Técnico,5,387,460,847,92,63,155
2018-2019,Ciudad de México,Miguel Hidalgo,Superior,Licenciatura Universitaria Tecnológica ,31,14848,20474,35322,0,0,4697
2018-2019,Ciudad de México,Miguel Hidalgo,Superior,Normal Licenciatura,3,297,1607,1904,0,0,308
2018-2019,Ciudad de México,Miguel Hidalgo,Superior,Posgrado,30,2155,2499,4654,0,0,1217
2018-2019,Ciudad de México,Miguel Hidalgo,Superior,Técnico Superior,1,1,1,2,0,0,9
2019-2020,Ciudad de México,Miguel Hidalgo,Básica,Primaria,139,15568,15148,30716,169,1199,1368
2019-2020,Ciudad de México,Miguel Hidalgo,Básica,Secundaria,70,9325,9097,18422,618,863,1481
2019-2020,Ciudad de México,Miguel Hidalgo,Media Superior,Bachillerato,42,17177,12510,29687,1247,1111,2358
2019-2020,Ciudad de México,Miguel Hidalgo,Media Superior,Profesional Técnico,5,392,542,934,93,56,149
2019-2020,Ciudad de México,Miguel Hidalgo,Superior,Licenciatura Universitaria Tecnológica ,34,15100,20966,36066,0,0,4177
2019-2020,Ciudad de México,Miguel Hidalgo,Superior,Normal Licenciatura,3,354,1715,2069,0,0,277
2019-2020,Ciudad de México,Miguel Hidalgo,Superior,Posgrado,28,2008,2362,4370,0,0,1423
2019-2020,Ciudad de México,Miguel Hidalgo,Superior,Técnico Superior,1,0,1,1,0,0,0
2020-2021,Ciudad de México,Miguel Hidalgo,Básica,Primaria,136,14988,15002,29990,191,1154,1345
2020-2021,Ciudad de México,Miguel Hidalgo,Básica,Secundaria,69,9356,9163,18519,616,872,1488
2020-2021,Ciudad de México,Miguel Hidalgo,Media Superior,Bachillerato,34,16748,12051,28799,1071,975,2046
2020-2021,Ciudad de México,Miguel Hidalgo,Media Superior,Profesional Técnico,4,370,455,825,93,55,148
2020-2021,Ciudad de México,Miguel Hidalgo,Superior,Licenciatura Universitaria Tecnológica ,33,15717,22651,38368,0,0,3966
2020-2021,Ciudad de México,Miguel Hidalgo,Superior,Normal Licenciatura,3,476,1854,2330,0,0,270
2020-2021,Ciudad de México,Miguel Hidalgo,Superior,Posgrado,28,1964,2325,4289,0,0,1176
2020-2021,Ciudad de México,Miguel Hidalgo,Superior,Técnico Superior,1,0,2,2,0,0,0
2021-2022,Ciudad de México,Miguel Hidalgo,Básica,Primaria,135,14821,14715,29536,169,1148,1317
2021-2022,Ciudad de México,Miguel Hidalgo,Básica,Secundaria,68,9214,8980,18194,604,869,1473
2021-2022,Ciudad de México,Miguel Hidalgo,Media Superior,Bachillerato,40,16567,12389,28956,1104,1045,2149
2021-2022,Ciudad de México,Miguel Hidalgo,Media Superior,Profesional Técnico,4,382,528,910,84,57,141
2021-2022,Ciudad de México,Miguel Hidalgo,Superior,Licenciatura Universitaria Tecnológica ,31,15669,24064,39733,0,0,4017
2021-2022,Ciudad de México,Miguel Hidalgo,Superior,Normal Licenciatura,3,496,1905,2401,0,0,282
2021-2022,Ciudad de México,Miguel Hidalgo,Superior,Posgrado,27,2056,2614,4670,0,0,1453
2021-2022,Ciudad de México,Miguel Hidalgo,Superior,Técnico Superior,1,0,3,3,0,0,6
2017-2018,Ciudad de México,Milpa Alta,Básica,Primaria,46,8018,7537,15555,120,406,526
2017-2018,Ciudad de México,Milpa Alta,Básica,Secundaria,20,4089,3916,8005,229,262,491
2017-2018,Ciudad de México,Milpa Alta,Media Superior,Bachillerato,12,4144,5399,9543,496,503,999
2017-2018,Ciudad de México,Milpa Alta,Superior,Licenciatura Universitaria Tecnológica ,3,1737,2168,3905,0,0,220
2017-2018,Ciudad de México,Milpa Alta,Superior,Posgrado,1,0,2,2,0,0,3
2018-2019,Ciudad de México,Milpa Alta,Básica,Primaria,46,8140,7857,15997,112,429,541
2018-2019,Ciudad de México,Milpa Alta,Básica,Secundaria,20,4060,3846,7906,236,241,477
2018-2019,Ciudad de México,Milpa Alta,Media Superior,Bachillerato,12,4133,5200,9333,468,443,911
2018-2019,Ciudad de México,Milpa Alta,Superior,Licenciatura Universitaria Tecnológica ,3,1766,2180,3946,0,0,239
2018-2019,Ciudad de México,Milpa Alta,Superior,Posgrado,1,0,2,2,0,0,2
2019-2020,Ciudad de México,Milpa Alta,Básica,Primaria,47,8179,7816,15995,107,435,542
2019-2020,Ciudad de México,Milpa Alta,Básica,Secundaria,20,4016,4010,8026,203,240,443
2019-2020,Ciudad de México,Milpa Alta,Media Superior,Bachillerato,12,3984,5133,9117,522,475,997
2019-2020,Ciudad de México,Milpa Alta,Superior,Licenciatura Universitaria Tecnológica ,3,1821,2363,4184,0,0,212
2020-2021,Ciudad de México,Milpa Alta,Básica,Primaria,46,8050,7774,15824,103,430,533
2020-2021,Ciudad de México,Milpa Alta,Básica,Secundaria,20,4097,4169,8266,202,243,445
2020-2021,Ciudad de México,Milpa Alta,Media Superior,Bachillerato,12,4057,5133,9190,426,464,890
2020-2021,Ciudad de México,Milpa Alta,Superior,Licenciatura Universitaria Tecnológica ,3,1793,2519,4312,0,0,209
2020-2021,Ciudad de México,Milpa Alta,Superior,Posgrado,1,5,1,6,0,0,4
2021-2022,Ciudad de México,Milpa Alta,Básica,Primaria,46,7976,7879,15855,119,416,535
2021-2022,Ciudad de México,Milpa Alta,Básica,Secundaria,20,4040,4129,8169,190,222,412
2021-2022,Ciudad de México,Milpa Alta,Media Superior,Bachillerato,12,4046,5128,9174,354,327,681
2021-2022,Ciudad de México,Milpa Alta,Superior,Licenciatura Universitaria Tecnológica ,3,1806,2761,4567,0,0,219
2021-2022,Ciudad de México,Milpa Alta,Superior,Posgrado,1,1,6,7,0,0,1
2017-2018,Ciudad de México,Tlalpan,Básica,Primaria,223,32982,31487,64469,388,1873,2261
2017-2018,Ciudad de México,Tlalpan,Básica,Secundaria,99,15949,15362,31311,958,1261,2219
2017-2018,Ciudad de México,Tlalpan,Media Superior,Bachillerato,54,10992,11468,22460,944,1086,2030
2017-2018,Ciudad de México,Tlalpan,Media Superior,Profesional Técnico,1,3,5,8,3,1,4
2017-2018,Ciudad de México,Tlalpan,Superior,Licenciatura Universitaria Tecnológica ,30,10132,12898,23030,0,0,3920
2017-2018,Ciudad de México,Tlalpan,Superior,Posgrado,32,1585,1919,3504,0,0,1281
2017-2018,Ciudad de México,Tlalpan,Superior,Técnico Superior,1,7,8,15,0,0,20
2018-2019,Ciudad de México,Tlalpan,Básica,Primaria,222,32430,31412,63842,372,1881,2253
2018-2019,Ciudad de México,Tlalpan,Básica,Secundaria,101,15555,15292,30847,949,1176,2125
2018-2019,Ciudad de México,Tlalpan,Media Superior,Bachillerato,51,9121,9476,18597,870,919,1789
2018-2019,Ciudad de México,Tlalpan,Superior,Licenciatura Universitaria Tecnológica ,34,10398,13530,23928,0,0,3848
2018-2019,Ciudad de México,Tlalpan,Superior,Posgrado,33,1587,1938,3525,0,0,1539
2018-2019,Ciudad de México,Tlalpan,Superior,Técnico Superior,1,6,13,19,0,0,17
2019-2020,Ciudad de México,Tlalpan,Básica,Primaria,219,31475,30635,62110,391,1901,2292
2019-2020,Ciudad de México,Tlalpan,Básica,Secundaria,102,15898,15827,31725,900,1197,2097
2019-2020,Ciudad de México,Tlalpan,Media Superior,Bachillerato,53,13591,14255,27846,1248,1409,2657
2019-2020,Ciudad de México,Tlalpan,Superior,Licenciatura Universitaria Tecnológica ,33,10762,14060,24822,0,0,3685
2019-2020,Ciudad de México,Tlalpan,Superior,Posgrado,33,1786,2134,3920,0,0,1534
2019-2020,Ciudad de México,Tlalpan,Superior,Técnico Superior,1,10,15,25,0,0,0
2020-2021,Ciudad de México,Tlalpan,Básica,Primaria,214,31212,30578,61790,376,1896,2272
2020-2021,Ciudad de México,Tlalpan,Básica,Secundaria,99,15873,15603,31476,881,1184,2065
2020-2021,Ciudad de México,Tlalpan,Media Superior,Bachillerato,43,11748,12043,23791,1104,1229,2333
2020-2021,Ciudad de México,Tlalpan,Superior,Licenciatura Universitaria Tecnológica ,33,9676,14205,23881,0,0,3727
2020-2021,Ciudad de México,Tlalpan,Superior,Posgrado,31,1655,1733,3388,0,0,1455
2020-2021,Ciudad de México,Tlalpan,Superior,Técnico Superior,1,10,14,24,0,0,0
2021-2022,Ciudad de México,Tlalpan,Básica,Primaria,212,30508,30115,60623,416,1824,2240
2021-2022,Ciudad de México,Tlalpan,Básica,Secundaria,96,15932,15299,31231,878,1148,2026
2021-2022,Ciudad de México,Tlalpan,Media Superior,Bachillerato,49,13163,13762,26925,1247,1474,2721
2021-2022,Ciudad de México,Tlalpan,Superior,Licenciatura Universitaria Tecnológica ,32,10006,14287,24293,0,0,2960
2021-2022,Ciudad de México,Tlalpan,Superior,Posgrado,32,1950,2559,4509,0,0,1346
2021-2022,Ciudad de México,Tlalpan,Superior,Técnico Superior,2,165,172,337,0,0,79
2017-2018,Ciudad de México,Tláhuac,Básica,Primaria,113,20836,19519,40355,297,1108,1405
2017-2018,Ciudad de México,Tláhuac,Básica,Secundaria,49,11062,10831,21893,590,722,1312
2017-2018,Ciudad de México,Tláhuac,Media Superior,Bachillerato,15,6835,5135,11970,375,309,684
2017-2018,Ciudad de México,Tláhuac,Superior,Licenciatura Universitaria Tecnológica ,5,3985,1775,5760,0,0,298
2017-2018,Ciudad de México,Tláhuac,Superior,Posgrado,1,71,46,117,0,0,53
2018-2019,Ciudad de México,Tláhuac,Básica,Primaria,111,20294,19500,39794,294,1112,1406
2018-2019,Ciudad de México,Tláhuac,Básica,Secundaria,49,10820,10696,21516,556,687,1243
2018-2019,Ciudad de México,Tláhuac,Media Superior,Bachillerato,16,6741,5078,11819,443,370,813
2018-2019,Ciudad de México,Tláhuac,Superior,Licenciatura Universitaria Tecnológica ,5,3881,1682,5563,0,0,369
2018-2019,Ciudad de México,Tláhuac,Superior,Posgrado,1,54,38,92,0,0,44
2019-2020,Ciudad de México,Tláhuac,Básica,Primaria,110,20215,19239,39454,262,1156,1418
2019-2020,Ciudad de México,Tláhuac,Básica,Secundaria,49,10621,10574,21195,529,654,1183
2019-2020,Ciudad de México,Tláhuac,Media Superior,Bachillerato,16,6460,5051,11511,413,354,767
2019-2020,Ciudad de México,Tláhuac,Superior,Licenciatura Universitaria Tecnológica ,5,3798,1574,5372,0,0,326
2019-2020,Ciudad de México,Tláhuac,Superior,Posgrado,1,54,31,85,0,0,43
2020-2021,Ciudad de México,Tláhuac,Básica,Primaria,109,20251,19178,39429,256,1142,1398
2020-2021,Ciudad de México,Tláhuac,Básica,Secundaria,49,10873,10775,21648,496,624,1120
2020-2021,Ciudad de México,Tláhuac,Media Superior,Bachillerato,15,6232,4984,11216,360,286,646
2020-2021,Ciudad de México,Tláhuac,Superior,Licenciatura Universitaria Tecnológica ,5,3583,1631,5214,0,0,323
2020-2021,Ciudad de México,Tláhuac,Superior,Posgrado,1,47,35,82,0,0,43
2021-2022,Ciudad de México,Tláhuac,Básica,Primaria,108,19906,19147,39053,249,1137,1386
2021-2022,Ciudad de México,Tláhuac,Básica,Secundaria,49,10846,10549,21395,532,638,1170
2021-2022,Ciudad de México,Tláhuac,Media Superior,Bachillerato,15,6431,5152,11583,483,391,874
2021-2022,Ciudad de México,Tláhuac,Superior,Licenciatura Universitaria Tecnológica ,5,3540,1650,5190,0,0,260
2021-2022,Ciudad de México,Tláhuac,Superior,Posgrado,1,53,57,110,0,0,112
2017-2018,Ciudad de México,Venustiano Carranza,Básica,Primaria,159,19729,18633,38362,202,1345,1547
2017-2018,Ciudad de México,Venustiano Carranza,Básica,Secundaria,64,10124,9978,20102,624,814,1438
2017-2018,Ciudad de México,Venustiano Carranza,Media Superior,Bachillerato,26,12404,12987,25391,1251,1099,2350
2017-2018,Ciudad de México,Venustiano Carranza,Superior,Licenciatura Universitaria Tecnológica ,2,684,662,1346,0,0,36
2017-2018,Ciudad de México,Venustiano Carranza,Superior,Posgrado,3,66,207,273,0,0,43
2018-2019,Ciudad de México,Venustiano Carranza,Básica,Primaria,154,18952,18487,37439,202,1312,1514
2018-2019,Ciudad de México,Venustiano Carranza,Básica,Secundaria,64,10050,9895,19945,603,763,1366
2018-2019,Ciudad de México,Venustiano Carranza,Media Superior,Bachillerato,28,12379,12629,25008,1042,898,1940
2018-2019,Ciudad de México,Venustiano Carranza,Superior,Licenciatura Universitaria Tecnológica ,4,67,221,288,0,0,81
2018-2019,Ciudad de México,Venustiano Carranza,Superior,Posgrado,3,50,155,205,0,0,64
2019-2020,Ciudad de México,Venustiano Carranza,Básica,Primaria,154,18513,18298,36811,192,1346,1538
2019-2020,Ciudad de México,Venustiano Carranza,Básica,Secundaria,65,10076,9807,19883,608,792,1400
2019-2020,Ciudad de México,Venustiano Carranza,Media Superior,Bachillerato,27,12150,12612,24762,987,933,1920
2019-2020,Ciudad de México,Venustiano Carranza,Superior,Licenciatura Universitaria Tecnológica ,3,94,90,184,0,0,34
2019-2020,Ciudad de México,Venustiano Carranza,Superior,Posgrado,1,5,10,15,0,0,4
2020-2021,Ciudad de México,Venustiano Carranza,Básica,Primaria,153,18059,17539,35598,197,1318,1515
2020-2021,Ciudad de México,Venustiano Carranza,Básica,Secundaria,65,10261,9947,20208,577,787,1364
2020-2021,Ciudad de México,Venustiano Carranza,Media Superior,Bachillerato,26,12190,12302,24492,1004,1010,2014
2020-2021,Ciudad de México,Venustiano Carranza,Superior,Licenciatura Universitaria Tecnológica ,3,142,135,277,0,0,41
2021-2022,Ciudad de México,Venustiano Carranza,Básica,Primaria,151,17903,17347,35250,184,1301,1485
2021-2022,Ciudad de México,Venustiano Carranza,Básica,Secundaria,65,10112,9818,19930,553,768,1321
2021-2022,Ciudad de México,Venustiano Carranza,Media Superior,Bachillerato,27,11790,12019,23809,1070,925,1995
2021-2022,Ciudad de México,Venustiano Carranza,Superior,Licenciatura Universitaria Tecnológica ,3,185,199,384,0,0,64
2021-2022,Ciudad de México,Venustiano Carranza,Superior,Posgrado,1,11,17,28,0,0,3
2017-2018,Ciudad de México,Xochimilco,Básica,Primaria,137,21906,20905,42811,325,1214,1539
2017-2018,Ciudad de México,Xochimilco,Básica,Secundaria,56,11872,11296,23168,645,774,1419
2017-2018,Ciudad de México,Xochimilco,Media Superior,Bachillerato,19,8658,9156,17814,672,781,1453
2017-2018,Ciudad de México,Xochimilco,Superior,Licenciatura Universitaria Tecnológica ,3,3218,4923,8141,0,0,962
2017-2018,Ciudad de México,Xochimilco,Superior,Posgrado,1,47,46,93,0,0,39
2018-2019,Ciudad de México,Xochimilco,Básica,Primaria,135,21446,20448,41894,303,1229,1532
2018-2019,Ciudad de México,Xochimilco,Básica,Secundaria,56,11566,11259,22825,604,770,1374
2018-2019,Ciudad de México,Xochimilco,Media Superior,Bachillerato,20,8824,9288,18112,669,752,1421
2018-2019,Ciudad de México,Xochimilco,Superior,Licenciatura Universitaria Tecnológica ,4,2502,3947,6449,0,0,1062
2018-2019,Ciudad de México,Xochimilco,Superior,Posgrado,1,32,26,58,0,0,30
2019-2020,Ciudad de México,Xochimilco,Básica,Primaria,136,21355,20551,41906,300,1255,1555
2019-2020,Ciudad de México,Xochimilco,Básica,Secundaria,56,11606,11147,22753,598,751,1349
2019-2020,Ciudad de México,Xochimilco,Media Superior,Bachillerato,20,8659,9130,17789,699,747,1446
2019-2020,Ciudad de México,Xochimilco,Superior,Licenciatura Universitaria Tecnológica ,4,2546,4202,6748,0,0,1091
2019-2020,Ciudad de México,Xochimilco,Superior,Posgrado,1,37,15,52,0,0,25
2020-2021,Ciudad de México,Xochimilco,Básica,Primaria,134,20869,20111,40980,292,1259,1551
2020-2021,Ciudad de México,Xochimilco,Básica,Secundaria,56,11777,11107,22884,570,760,1330
2020-2021,Ciudad de México,Xochimilco,Media Superior,Bachillerato,19,8783,9211,17994,673,671,1344
2020-2021,Ciudad de México,Xochimilco,Superior,Licenciatura Universitaria Tecnológica ,4,2681,4797,7478,0,0,1141
2020-2021,Ciudad de México,Xochimilco,Superior,Posgrado,2,182,185,367,0,0,155
2021-2022,Ciudad de México,Xochimilco,Básica,Primaria,131,20640,19870,40510,285,1217,1502
2021-2022,Ciudad de México,Xochimilco,Básica,Secundaria,56,11636,10904,22540,593,769,1362
2021-2022,Ciudad de México,Xochimilco,Media Superior,Bachillerato,20,8286,9166,17452,655,782,1437
2021-2022,Ciudad de México,Xochimilco,Superior,Licenciatura Universitaria Tecnológica ,4,3229,5590,8819,0,0,974
2021-2022,Ciudad de México,Xochimilco,Superior,Posgrado,2,163,223,386,0,0,118
2017-2018,Ciudad de México,Álvaro Obregón,Básica,Primaria,240,33105,31945,65050,449,1925,2374
2017-2018,Ciudad de México,Álvaro Obregón,Básica,Secundaria,96,15842,14645,30487,1005,1088,2093
2017-2018,Ciudad de México,Álvaro Obregón,Media Superior,Bachillerato,53,18654,18600,37254,1485,1432,2917
2017-2018,Ciudad de México,Álvaro Obregón,Superior,Licenciatura Universitaria Tecnológica ,39,15434,14679,30113,0,0,3123
2017-2018,Ciudad de México,Álvaro Obregón,Superior,Normal Licenciatura,1,2,804,806,0,0,118
2017-2018,Ciudad de México,Álvaro Obregón,Superior,Posgrado,36,3078,2955,6033,0,0,857
2017-2018,Ciudad de México,Álvaro Obregón,Superior,Técnico Superior,4,230,196,426,0,0,38
2018-2019,Ciudad de México,Álvaro Obregón,Básica,Primaria,238,32668,31447,64115,461,1966,2427
2018-2019,Ciudad de México,Álvaro Obregón,Básica,Secundaria,95,15543,14147,29690,1021,1089,2110
2018-2019,Ciudad de México,Álvaro Obregón,Media Superior,Bachillerato,58,21446,21444,42890,1897,1897,3794
2018-2019,Ciudad de México,Álvaro Obregón,Superior,Licenciatura Universitaria Tecnológica ,40,15568,14166,29734,0,0,2876
2018-2019,Ciudad de México,Álvaro Obregón,Superior,Normal Licenciatura,1,1,820,821,0,0,121
2018-2019,Ciudad de México,Álvaro Obregón,Superior,Posgrado,38,3370,3086,6456,0,0,1179
2018-2019,Ciudad de México,Álvaro Obregón,Superior,Técnico Superior,4,257,204,461,0,0,41
2019-2020,Ciudad de México,Álvaro Obregón,Básica,Primaria,236,32085,30716,62801,444,1990,2434
2019-2020,Ciudad de México,Álvaro Obregón,Básica,Secundaria,94,15142,14065,29207,939,1072,2011
2019-2020,Ciudad de México,Álvaro Obregón,Media Superior,Bachillerato,56,20788,20569,41357,1607,1727,3334
2019-2020,Ciudad de México,Álvaro Obregón,Superior,Licenciatura Universitaria Tecnológica ,41,14988,14332,29320,0,0,3164
2019-2020,Ciudad de México,Álvaro Obregón,Superior,Normal Licenciatura,1,1,870,871,0,0,121
2019-2020,Ciudad de México,Álvaro Obregón,Superior,Posgrado,39,3125,3102,6227,0,0,640
2019-2020,Ciudad de México,Álvaro Obregón,Superior,Técnico Superior,4,222,202,424,0,0,0
2020-2021,Ciudad de México,Álvaro Obregón,Básica,Primaria,237,30996,29625,60621,399,2006,2405
2020-2021,Ciudad de México,Álvaro Obregón,Básica,Secundaria,95,15079,14081,29160,922,1126,2048
2020-2021,Ciudad de México,Álvaro Obregón,Media Superior,Bachillerato,50,20882,20768,41650,1513,1641,3154
2020-2021,Ciudad de México,Álvaro Obregón,Superior,Licenciatura Universitaria Tecnológica ,40,14204,14304,28508,0,0,2865
2020-2021,Ciudad de México,Álvaro Obregón,Superior,Normal Licenciatura,1,3,897,900,0,0,120
2020-2021,Ciudad de México,Álvaro Obregón,Superior,Posgrado,37,2176,2465,4641,0,0,637
2020-2021,Ciudad de México,Álvaro Obregón,Superior,Técnico Superior,4,247,215,462,0,0,0
2021-2022,Ciudad de México,Álvaro Obregón,Básica,Primaria,233,30100,28700,58800,422,1988,2410
2021-2022,Ciudad de México,Álvaro Obregón,Básica,Secundaria,95,14821,13655,28476,968,1112,2080
2021-2022,Ciudad de México,Álvaro Obregón,Media Superior,Bachillerato,55,21584,21591,43175,1832,1824,3656
2021-2022,Ciudad de México,Álvaro Obregón,Superior,Licenciatura Universitaria Tecnológica ,39,13008,13826,26834,0,0,2566
2021-2022,Ciudad de México,Álvaro Obregón,Superior,Normal Licenciatura,1,2,890,892,0,0,121
2021-2022,Ciudad de México,Álvaro Obregón,Superior,Posgrado,36,2026,2480,4506,0,0,1058
2021-2022,Ciudad de México,Álvaro Obregón,Superior,Técnico Superior,5,223,238,461,0,0,59